Time,Online Applications
12:00 am,879
11:55 pm,2283
11:50 pm,2252
11:45 pm,2435
11:40 pm,2619
11:35 pm,2574
11:30 pm,2804
11:25 pm,2918
11:20 pm,2929
11:15 pm,3105
11:10 pm,3435
11:05 pm,3590
11:00 pm,3588
10:55 pm,4089
10:50 pm,4491
10:45 pm,4251
10:40 pm,4200
10:35 pm,4575
10:30 pm,5189
10:25 pm,6226
10:20 pm,4643
10:15 pm,4750
10:10 pm,4403
10:05 pm,4380
10:00 pm,4214
9:55 pm,4121
9:50 pm,3796
9:45 pm,3849
9:40 pm,4060
9:35 pm,3708
9:30 pm,3746
9:25 pm,3634
9:20 pm,3686
9:15 pm,3728
9:10 pm,3662
9:05 pm,3899
9:00 pm,4039
8:55 pm,4273
8:50 pm,3965
8:45 pm,3974
8:40 pm,4083
8:35 pm,3949
8:30 pm,3871
8:25 pm,3568
8:20 pm,3800
8:15 pm,3861
8:10 pm,3771
8:05 pm,3870
8:00 pm,4328
7:55 pm,4230
7:50 pm,4914
7:45 pm,7676
7:40 pm,5362
7:35 pm,4954
7:30 pm,6118
7:25 pm,7245
7:20 pm,3916
7:15 pm,4010
7:10 pm,4052
7:05 pm,3700
7:00 pm,3662
6:55 pm,3205
6:50 pm,3623
6:45 pm,4053
6:40 pm,3485
6:35 pm,3333
6:30 pm,3565
6:25 pm,3545
6:20 pm,3501
6:15 pm,3847
6:10 pm,3615
6:05 pm,3445
6:00 pm,3084
5:55 pm,3061
5:50 pm,3065
5:45 pm,3024
5:40 pm,2779
5:35 pm,2841
5:30 pm,2562
5:25 pm,2741
5:20 pm,2574
5:15 pm,2544
5:10 pm,2430
5:05 pm,2443
5:00 pm,2246
4:55 pm,2224
4:50 pm,2230
4:45 pm,2179
4:40 pm,2199
4:35 pm,2128
4:30 pm,2148
4:25 pm,2185
4:20 pm,2250
4:15 pm,2164
4:10 pm,2214
4:05 pm,2322
4:00 pm,2220
3:55 pm,2113
3:50 pm,2116
3:45 pm,2206
3:40 pm,2141
3:35 pm,2063
3:30 pm,2029
3:25 pm,1973
3:20 pm,2022
3:15 pm,2062
3:10 pm,2093
3:05 pm,2161
3:00 pm,2243
2:55 pm,2180
2:50 pm,2178
2:45 pm,2254
2:40 pm,2566
2:35 pm,2420
2:30 pm,2205
2:25 pm,2185
2:20 pm,2272
2:15 pm,2362
2:10 pm,2560
2:05 pm,2635
2:00 pm,2627
1:55 pm,2553
1:50 pm,2746
1:45 pm,3044
1:40 pm,3224
1:35 pm,3845
1:30 pm,2808
1:25 pm,2716
1:20 pm,2978
1:15 pm,3012
1:10 pm,3775
1:05 pm,3574
1:00 pm,3153
12:55 pm,2609
12:50 pm,2817
12:45 pm,2996
12:40 pm,2818
12:35 pm,2934
12:30 pm,3064
12:25 pm,3375
12:20 pm,3941
12:15 pm,3973
12:10 pm,3805
12:05 pm,3851
12:00 pm,2954
11:55 am,2295
11:50 am,2383
11:45 am,2435
11:40 am,2522
11:35 am,2868
11:30 am,2410
11:25 am,2417
11:20 am,2496
11:15 am,2555
11:10 am,2514
11:05 am,2778
11:00 am,2669
10:55 am,2500
10:50 am,2467
10:45 am,2532
10:40 am,2588
10:35 am,2449
10:30 am,2407
10:25 am,2765
10:20 am,3441
10:15 am,3926
10:10 am,2497
10:05 am,2705
10:00 am,2516
9:55 am,2161
9:50 am,2254
9:45 am,2366
9:40 am,2478
9:35 am,2636
9:30 am,2859
9:25 am,3059
9:20 am,3517
9:15 am,3961
9:10 am,2260
9:05 am,2673
9:00 am,2114
8:55 am,1479
8:50 am,1458
8:45 am,1548
8:40 am,1583
8:35 am,1811
8:30 am,1854
8:25 am,1777
8:20 am,1553
8:15 am,1874
8:10 am,2466
8:05 am,3414
8:00 am,1868
7:55 am,1219
7:50 am,1322
7:45 am,1889
7:40 am,2678
7:35 am,2220
7:30 am,1356
7:25 am,1100
7:20 am,1134
7:15 am,1220
7:10 am,1890
7:05 am,2245
7:00 am,1059
6:55 am,708
6:50 am,685
6:45 am,696
6:40 am,801
6:35 am,1422
6:30 am,793
6:25 am,492
6:20 am,413
6:15 am,510
6:10 am,658
6:05 am,831
6:00 am,360
5:55 am,164
5:50 am,160
5:45 am,146
5:40 am,162
5:35 am,137
5:30 am,128
5:25 am,126
5:20 am,164
5:15 am,141
5:10 am,110
5:05 am,114
5:00 am,110
4:55 am,84
4:50 am,79
4:45 am,80
4:40 am,60
4:35 am,68
4:30 am,84
4:25 am,61
4:20 am,64
4:15 am,46
4:10 am,58
4:05 am,57
4:00 am,63
3:55 am,67
3:50 am,77
3:45 am,70
3:40 am,58
3:35 am,76
3:30 am,78
3:25 am,60
3:20 am,65
3:15 am,64
3:10 am,71
3:05 am,77
3:00 am,70
2:55 am,68
2:50 am,70
2:45 am,77
2:40 am,84
2:35 am,93
2:30 am,80
2:25 am,93
2:20 am,87
2:15 am,81
2:10 am,110
2:05 am,99
2:00 am,108
1:55 am,118
1:50 am,123
1:45 am,134
1:40 am,133
1:35 am,137
1:30 am,149
1:25 am,150
1:20 am,150
1:15 am,171
1:10 am,180
1:05 am,198
1:00 am,235
12:55 am,221
12:50 am,227
12:45 am,226
12:40 am,240
12:35 am,248
12:30 am,266
12:25 am,266
12:20 am,308
12:15 am,323
12:10 am,363
12:05 am,374
